1730994357,334738732,laser,-3.12413907051086,3.14159274101257,0.00348289706744254,4.41138254245743E-05,0.0793607756495476,0.150000005960464,16,3.97199988365173,3.9760000705719,3.9760000705719,3.98000001907349,3.9760000705719,3.9760000705719,3.9760000705719,3.97199988365173,3.97199988365173,3.97199988365173,3.9760000705719,3.9760000705719,3.9760000705719,3.9760000705719,3.9760000705719,3.9760000705719,3.9760000705719,3.9760000705719,3.9760000705719,3.9760000705719,3.9760000705719,3.9760000705719,3.9760000705719,3.98000001907349,10.1199998855591,10.1199998855591,10.1199998855591,10.1199998855591,3.98399996757507,3.98399996757507,3.98399996757507,3.9760000705719,3.9760000705719,3.9760000705719,3.9760000705719,3.9760000705719,3.9760000705719,3.9760000705719,3.9760000705719,3.98000001907349,3.98000001907349,3.98000001907349,3.98399996757507,3.98399996757507,3.98799991607666,3.98799991607666,3.98799991607666,3.98799991607666,3.98799991607666,3.98799991607666,3.98799991607666,3.99200010299683,3.99200010299683,3.99200010299683,3.99200010299683,3.99200010299683,3.99200010299683,3.99600005149841,3.99600005149841,4,4,4.00799989700317,4.01200008392334,4.01200008392334,4.00799989700317,4.00799989700317,4.00799989700317,4.01200008392334,4.01599979400635,4.01599979400635,4.01599979400635,4.01599979400635,4.01999998092651,4.01999998092651,4.00799989700317,inf,inf,inf,inf,inf,inf,inf,inf,inf,inf,inf,inf,inf,inf,inf,inf,inf,inf,inf,inf,inf,inf,inf,inf,inf,inf,inf,inf,inf,inf,inf,inf,inf,inf,inf,inf,inf,inf,inf,inf,inf,inf,inf,inf,inf,inf,inf,inf,inf,inf,inf,inf,inf,...,47,47,47,47,47,47,47,47,47,47,47,47,0,0,0,0,0,0,0,0,0,0,0,0,0,0,0,0,0,0,0,0,0,0,0,0,0,0,0,0,0,0,0,0,0,0,47,47,47,47,47,47,47,47,47,47,47,47,47,47,47,47,47,47,47,47,47,0,0,0,0,0,0,0,0,0,0,0,0,0,0,0,0,0,0,0,0,0,0,0,0,0,0,0,0,0,0,0,0,0,0,0,0,0,0,47,47,47,47,47,0,0,0,0,0,0,0,0,0,0,0,0,0,0,0,0,0,0,...
1730994357,415623244,laser,-3.12413907051086,3.14159274101257,0.00348289706744254,4.35232468589675E-05,0.0782983154058456,0.150000005960464,16,3.97199988365173,3.97199988365173,3.9760000705719,3.9760000705719,3.98000001907349,3.9760000705719,3.97199988365173,3.97199988365173,3.97199988365173,3.9760000705719,3.9760000705719,3.97199988365173,3.97199988365173,3.97199988365173,3.9760000705719,3.98000001907349,3.9760000705719,3.9760000705719,3.98000001907349,3.9760000705719,3.9760000705719,3.9760000705719,3.9760000705719,3.9760000705719,3.9760000705719,10.1999998092651,10.1999998092651,10.1999998092651,10.1999998092651,10.1520004272461,10.1520004272461,3.9760000705719,3.9760000705719,3.9760000705719,3.9760000705719,3.9760000705719,3.9760000705719,3.9760000705719,3.98000001907349,3.98399996757507,3.98399996757507,3.98000001907349,3.98000001907349,3.98399996757507,3.98799991607666,3.98799991607666,3.99200010299683,3.99200010299683,3.98799991607666,3.98799991607666,3.98799991607666,3.99600005149841,3.99600005149841,3.99200010299683,3.99200010299683,3.99200010299683,3.99600005149841,4,3.99600005149841,3.99600005149841,4,4.00799989700317,4.00799989700317,4.01200008392334,4.01200008392334,4.01200008392334,4.01200008392334,4.01599979400635,4.01999998092651,4.01999998092651,4.01999998092651,4.01999998092651,4.01999998092651,4.01999998092651,inf,inf,inf,inf,inf,inf,inf,inf,inf,inf,inf,inf,inf,inf,inf,inf,inf,inf,inf,inf,inf,inf,inf,inf,inf,inf,inf,inf,inf,inf,inf,inf,inf,inf,inf,inf,inf,inf,inf,inf,inf,inf,inf,inf,inf,inf,inf,inf,inf,inf,inf,inf,inf,inf,...,0,47,47,47,47,47,47,47,47,47,47,47,0,0,0,0,0,0,0,0,0,0,0,0,0,0,0,0,0,0,0,0,0,0,0,0,0,0,0,0,0,0,0,0,0,47,47,47,47,47,47,47,47,47,47,47,47,47,47,47,47,47,47,47,47,47,0,0,0,0,0,0,0,0,0,0,0,0,0,0,0,0,0,0,0,0,0,0,0,0,0,0,0,0,0,0,0,0,0,0,0,0,0,0,47,47,47,47,47,0,0,0,0,0,0,0,0,0,0,0,0,0,0,0,0,0,0,0,...
1730994357,495595779,laser,-3.12413907051086,3.14159274101257,0.00348289706744254,4.33879504271317E-05,0.0780549198389053,0.150000005960464,16,3.97199988365173,3.97199988365173,3.9760000705719,3.9760000705719,3.9760000705719,3.9760000705719,3.9760000705719,3.97199988365173,3.97199988365173,3.97199988365173,3.9760000705719,3.9760000705719,3.9760000705719,3.9760000705719,3.9760000705719,3.9760000705719,3.9760000705719,3.9760000705719,3.9760000705719,3.9760000705719,3.9760000705719,3.9760000705719,3.9760000705719,3.9760000705719,3.98000001907349,10.1680002212524,10.1680002212524,10.1680002212524,10.1680002212524,10.1599998474121,10.1599998474121,3.9760000705719,3.9760000705719,3.9760000705719,3.9760000705719,3.9760000705719,3.9760000705719,3.9760000705719,3.98000001907349,3.98000001907349,3.98399996757507,3.98000001907349,3.98399996757507,3.98399996757507,3.98799991607666,3.99200010299683,3.99200010299683,3.99200010299683,3.99200010299683,3.98799991607666,3.98799991607666,3.99200010299683,3.99600005149841,3.99600005149841,3.99200010299683,3.99600005149841,3.99600005149841,3.99600005149841,3.99600005149841,4,4,4.01200008392334,4.01599979400635,4.01599979400635,4.01200008392334,4.00799989700317,4.00799989700317,4.01200008392334,4.01599979400635,4.01599979400635,4.01599979400635,4.01999998092651,4.02400016784668,4.02400016784668,4.01200008392334,inf,inf,inf,inf,inf,inf,inf,inf,inf,inf,inf,inf,inf,inf,inf,inf,inf,inf,inf,inf,inf,inf,inf,inf,inf,inf,inf,inf,inf,inf,inf,inf,inf,inf,inf,inf,inf,inf,inf,inf,inf,inf,inf,inf,inf,inf,inf,inf,inf,inf,inf,inf,inf,...,47,47,47,47,47,47,47,47,47,47,47,47,47,47,0,0,0,0,0,0,0,0,0,0,0,0,0,0,0,0,0,0,0,0,0,0,0,0,0,0,0,0,0,47,47,47,47,47,47,47,47,47,47,47,47,47,47,47,47,47,47,47,47,47,47,47,47,47,47,0,0,0,0,0,0,0,0,0,0,0,0,0,0,0,0,0,0,0,0,0,0,0,0,0,0,0,0,0,0,0,0,0,0,47,47,47,47,47,47,47,47,47,0,0,0,0,0,0,0,0,0,0,0,0,0,0,0,0,...
1730994357,575218514,laser,-3.12413907051086,3.14159274101257,0.00348289706744254,4.34956382378005E-05,0.0782486498355866,0.150000005960464,16,3.9760000705719,3.97199988365173,3.9760000705719,3.98000001907349,3.98000001907349,3.9760000705719,3.97199988365173,3.97199988365173,3.97199988365173,3.9760000705719,3.9760000705719,3.97199988365173,3.97199988365173,3.97199988365173,3.9760000705719,3.98000001907349,3.9760000705719,3.9760000705719,3.98000001907349,3.98000001907349,3.98000001907349,3.9760000705719,3.9760000705719,3.9760000705719,10.1920003890991,10.1920003890991,10.1920003890991,10.1920003890991,10.1520004272461,10.1520004272461,3.9760000705719,3.9760000705719,3.9760000705719,3.9760000705719,3.9760000705719,3.9760000705719,3.9760000705719,3.9760000705719,3.98000001907349,3.98000001907349,3.98399996757507,3.98399996757507,3.98399996757507,3.98799991607666,3.98799991607666,3.98799991607666,3.99200010299683,3.99200010299683,3.99200010299683,3.98799991607666,3.98799991607666,3.99200010299683,3.99600005149841,3.99200010299683,3.99200010299683,3.99200010299683,3.99600005149841,3.99600005149841,4,4,4,4.00799989700317,4.01200008392334,4.00799989700317,4.00799989700317,4.01200008392334,4.01200008392334,4.01200008392334,4.01599979400635,4.01599979400635,4.01599979400635,4.01999998092651,4.02400016784668,4.00799989700317,4.00799989700317,inf,inf,inf,inf,inf,inf,inf,inf,inf,inf,inf,inf,inf,inf,inf,inf,inf,inf,inf,inf,inf,inf,inf,inf,inf,inf,inf,inf,inf,inf,inf,inf,inf,inf,inf,inf,inf,inf,inf,inf,inf,inf,inf,inf,inf,inf,inf,inf,inf,inf,inf,inf,inf,...,0,47,47,47,47,47,47,47,47,47,47,47,47,0,0,0,0,0,0,0,0,0,0,0,0,0,0,0,0,0,0,0,0,0,0,0,0,0,0,0,0,0,0,0,0,0,0,47,47,47,47,47,47,47,47,47,47,47,47,47,47,47,47,47,47,47,47,47,0,0,0,0,0,0,0,0,0,0,0,0,0,0,0,0,0,0,0,0,0,0,0,0,0,0,0,0,0,0,0,0,0,0,0,0,0,0,47,47,47,47,47,0,0,0,0,0,0,0,0,0,0,0,0,0,0,0,0,0,...
1730994357,655004706,laser,-3.12413907051086,3.14159274101257,0.00348289706744254,4.35312285844702E-05,0.0783126801252365,0.150000005960464,16,3.97199988365173,3.97199988365173,3.9760000705719,3.98000001907349,3.98000001907349,3.9760000705719,3.97199988365173,3.97199988365173,3.97199988365173,3.9760000705719,3.9760000705719,3.9760000705719,3.97199988365173,3.9760000705719,3.9760000705719,3.98000001907349,3.9760000705719,3.98000001907349,3.98000001907349,3.98000001907349,3.98000001907349,3.98000001907349,3.98000001907349,3.98000001907349,3.98000001907349,10.1599998474121,10.1599998474121,10.1599998474121,10.1599998474121,3.9760000705719,3.9760000705719,3.9760000705719,3.9760000705719,3.9760000705719,3.9760000705719,3.9760000705719,3.9760000705719,3.9760000705719,3.98000001907349,3.98000001907349,3.98000001907349,3.98399996757507,3.98399996757507,3.98799991607666,3.98799991607666,3.98799991607666,3.99200010299683,3.99200010299683,3.99200010299683,3.98799991607666,3.98799991607666,3.99200010299683,3.99600005149841,3.99600005149841,3.99600005149841,3.99200010299683,3.99600005149841,3.99600005149841,3.99600005149841,4,4,4.00799989700317,4.01200008392334,4.01200008392334,4.00799989700317,4.00799989700317,4.01200008392334,4.01200008392334,4.01599979400635,4.01599979400635,4.01599979400635,4.01999998092651,4.01999998092651,4.01999998092651,4.00799989700317,inf,inf,inf,inf,inf,inf,inf,inf,inf,inf,inf,inf,inf,inf,inf,inf,inf,inf,inf,inf,inf,inf,inf,inf,inf,inf,inf,inf,inf,inf,inf,inf,inf,inf,inf,inf,inf,inf,inf,inf,inf,inf,inf,inf,inf,inf,inf,inf,inf,inf,inf,inf,inf,...,47,47,47,47,47,47,47,47,47,47,47,47,0,0,0,0,0,0,0,0,0,0,0,0,0,0,0,0,0,0,0,0,0,0,0,0,0,0,0,0,0,0,0,0,0,0,0,0,0,0,47,47,47,47,47,47,47,47,47,0,0,0,47,47,47,47,47,0,0,0,0,0,0,0,0,0,0,0,0,0,0,0,0,0,0,0,0,0,0,0,0,0,0,0,0,0,0,0,0,0,0,0,0,0,0,47,47,47,47,47,0,0,0,0,0,0,0,0,0,0,0,0,0,0,0,0,0,0,...
1730994357,734698985,laser,-3.12413907051086,3.14159274101257,0.00348289706744254,4.35954243585002E-05,0.0784281715750694,0.150000005960464,16,3.97199988365173,3.97199988365173,3.9760000705719,3.98000001907349,3.98000001907349,3.9760000705719,3.97199988365173,3.97199988365173,3.97199988365173,3.9760000705719,3.9760000705719,3.9760000705719,3.97199988365173,3.9760000705719,3.9760000705719,3.98000001907349,3.9760000705719,3.9760000705719,3.98000001907349,3.98000001907349,3.9760000705719,3.9760000705719,3.98000001907349,3.98000001907349,3.98000001907349,3.9760000705719,10.1599998474121,10.1599998474121,10.1599998474121,10.1599998474121,3.9760000705719,3.9760000705719,3.9760000705719,3.9760000705719,3.9760000705719,3.9760000705719,3.98000001907349,3.98000001907349,3.98000001907349,3.98000001907349,3.98000001907349,3.98399996757507,3.98399996757507,3.98399996757507,3.98399996757507,3.98799991607666,3.99200010299683,3.99200010299683,3.99200010299683,3.98799991607666,3.98799991607666,3.99200010299683,3.99600005149841,3.99600005149841,3.99600005149841,3.99200010299683,3.99600005149841,3.99600005149841,3.99600005149841,4,4,4.00799989700317,4.00799989700317,4.00799989700317,4.00400018692017,4.00799989700317,4.01200008392334,4.01200008392334,4.01599979400635,4.01599979400635,4.01599979400635,4.01599979400635,4.01999998092651,4.01999998092651,4.00799989700317,inf,inf,inf,inf,inf,inf,inf,inf,inf,inf,inf,inf,inf,inf,inf,inf,inf,inf,inf,inf,inf,inf,inf,inf,inf,inf,inf,inf,inf,inf,inf,inf,inf,inf,inf,inf,inf,inf,inf,inf,inf,inf,inf,inf,inf,inf,inf,inf,inf,inf,inf,inf,inf,...,47,47,47,47,47,47,47,47,47,47,47,47,47,47,47,0,0,0,0,0,0,0,0,0,0,0,0,0,0,0,0,0,0,0,0,0,0,0,0,0,0,0,0,0,0,0,0,0,0,0,47,47,47,47,47,47,47,47,47,47,47,47,47,47,47,47,47,47,47,47,0,0,0,0,0,0,0,0,0,0,0,0,0,0,0,0,0,0,0,0,0,0,0,0,0,0,0,0,0,0,0,0,0,0,0,0,0,0,47,47,47,47,47,0,0,0,0,0,0,0,0,0,0,0,0,47,47,47,...
1730994357,814723934,laser,-3.12413907051086,3.14159274101257,0.00348289706744254,4.35127476521302E-05,0.078279435634613,0.150000005960464,16,3.97199988365173,3.97199988365173,3.9760000705719,3.98000001907349,3.98000001907349,3.9760000705719,3.97199988365173,3.97199988365173,3.97199988365173,3.9760000705719,3.9760000705719,3.9760000705719,3.97199988365173,3.98000001907349,3.98000001907349,3.98000001907349,3.9760000705719,3.9760000705719,3.98000001907349,3.98000001907349,3.98000001907349,3.9760000705719,3.9760000705719,3.98000001907349,3.98000001907349,3.9760000705719,inf,inf,inf,inf,3.9760000705719,3.9760000705719,3.9760000705719,3.9760000705719,3.9760000705719,3.9760000705719,3.98000001907349,3.98000001907349,3.98000001907349,3.98399996757507,3.98399996757507,3.98399996757507,3.98399996757507,3.98399996757507,3.98799991607666,3.99200010299683,3.99200010299683,3.99200010299683,3.98799991607666,3.98799991607666,3.99200010299683,3.99200010299683,3.99200010299683,3.99200010299683,3.99200010299683,3.99200010299683,3.99600005149841,4,3.99600005149841,3.99600005149841,4,4.01200008392334,4.01200008392334,4.01599979400635,4.01200008392334,4.01200008392334,4.01200008392334,4.01599979400635,4.01599979400635,4.01599979400635,4.01999998092651,4.01999998092651,4.01999998092651,4.01999998092651,inf,inf,inf,inf,inf,inf,inf,inf,inf,inf,inf,inf,inf,inf,inf,inf,inf,inf,inf,inf,inf,inf,inf,inf,inf,inf,inf,inf,inf,inf,inf,inf,inf,inf,inf,inf,inf,inf,inf,inf,inf,inf,inf,inf,inf,inf,inf,inf,inf,inf,inf,inf,inf,inf,...,47,47,47,47,47,47,47,47,47,47,47,47,47,0,0,0,0,0,0,0,0,0,0,0,0,0,0,0,0,0,0,0,0,0,0,0,0,0,0,0,0,0,0,0,0,0,0,47,47,47,47,47,47,47,47,47,47,47,47,47,47,47,47,47,47,47,47,47,0,0,0,0,0,0,0,0,0,0,0,0,0,0,0,0,0,0,0,0,0,0,0,0,0,0,0,0,0,0,0,0,0,0,0,0,0,0,47,47,47,47,47,0,0,0,0,0,0,0,0,0,0,0,0,0,0,47,47,47,...
1730994357,894445660,laser,-3.12413907051086,3.14159274101257,0.00348289706744254,4.3597879994195E-05,0.0784325897693634,0.150000005960464,16,3.97199988365173,3.97199988365173,3.98000001907349,3.98000001907349,3.9760000705719,3.9760000705719,3.9760000705719,3.97199988365173,3.97199988365173,3.97199988365173,3.9760000705719,3.9760000705719,3.9760000705719,3.9760000705719,3.9760000705719,3.9760000705719,3.9760000705719,3.98000001907349,3.98000001907349,3.98000001907349,3.9760000705719,3.9760000705719,3.9760000705719,3.9760000705719,3.98000001907349,10.1680002212524,10.1680002212524,10.1680002212524,10.1680002212524,10.1520004272461,10.1520004272461,3.9760000705719,3.9760000705719,3.9760000705719,3.9760000705719,3.9760000705719,3.9760000705719,3.9760000705719,3.98399996757507,3.98399996757507,3.98399996757507,3.98399996757507,3.98399996757507,3.98399996757507,3.98799991607666,3.98799991607666,3.98799991607666,3.99200010299683,3.99200010299683,3.98799991607666,3.98799991607666,3.99200010299683,3.99200010299683,3.99200010299683,3.99200010299683,3.99200010299683,3.99600005149841,4,4,4,4.00400018692017,4.00400018692017,4.00400018692017,4.00799989700317,4.01200008392334,4.01200008392334,4.01200008392334,4.01599979400635,4.01599979400635,4.01599979400635,4.01599979400635,4.01599979400635,4.01999998092651,4.01999998092651,inf,inf,inf,inf,inf,inf,inf,inf,inf,inf,inf,inf,inf,inf,inf,inf,inf,inf,inf,inf,inf,inf,inf,inf,inf,inf,inf,inf,inf,inf,inf,inf,inf,inf,inf,inf,inf,inf,inf,inf,inf,inf,inf,inf,inf,inf,inf,inf,inf,inf,inf,inf,inf,inf,...,47,47,47,47,47,47,47,47,47,47,47,0,0,0,0,0,0,0,0,0,0,0,0,0,0,0,0,0,0,0,0,0,0,0,0,0,0,0,0,0,0,0,0,0,0,47,47,47,47,47,47,47,47,47,47,47,47,47,47,47,47,47,47,47,47,47,0,0,0,0,0,0,0,0,0,0,0,0,0,0,0,0,0,0,0,0,0,0,0,0,0,0,0,0,0,0,0,0,0,0,0,0,0,0,0,0,0,0,47,47,47,47,47,0,0,0,0,0,0,0,0,0,0,0,0,0,47,47,...
1730994357,974000564,laser,-3.12413907051086,3.14159274101257,0.00348289706744254,4.7143406845862E-05,0.0848109871149063,0.150000005960464,16,3.96799993515015,3.97199988365173,3.97199988365173,3.98000001907349,3.98000001907349,3.98000001907349,3.9760000705719,3.97199988365173,3.9760000705719,3.9760000705719,3.9760000705719,3.9760000705719,3.9760000705719,3.9760000705719,3.9760000705719,3.9760000705719,3.9760000705719,3.9760000705719,3.9760000705719,3.9760000705719,3.98000001907349,3.98000001907349,3.98000001907349,3.98000001907349,3.98000001907349,3.98000001907349,inf,inf,inf,3.98399996757507,3.98399996757507,3.98399996757507,3.98399996757507,3.98399996757507,3.9760000705719,3.9760000705719,3.9760000705719,3.9760000705719,3.98000001907349,3.98000001907349,3.98000001907349,3.98000001907349,3.98399996757507,3.98399996757507,3.98399996757507,3.98799991607666,3.98799991607666,3.98799991607666,3.99200010299683,3.98799991607666,3.99200010299683,3.99200010299683,3.99200010299683,3.99600005149841,3.99600005149841,3.99200010299683,3.99200010299683,3.99200010299683,3.99600005149841,4,4,4.00799989700317,4.01200008392334,4.00799989700317,4.00799989700317,4.00799989700317,4.01200008392334,4.01200008392334,4.01599979400635,4.01599979400635,4.01599979400635,4.01599979400635,4.01999998092651,4.00799989700317,4.00799989700317,inf,inf,inf,inf,inf,inf,inf,inf,inf,inf,inf,inf,inf,inf,inf,inf,inf,inf,inf,inf,inf,inf,inf,inf,inf,inf,inf,inf,inf,inf,inf,inf,inf,inf,inf,inf,inf,inf,inf,inf,inf,inf,inf,inf,inf,inf,inf,inf,inf,inf,inf,inf,inf,...,47,47,47,47,47,47,47,47,47,47,47,47,47,47,0,0,0,0,0,0,0,0,0,0,0,0,0,0,0,0,0,0,0,0,0,0,0,0,0,0,0,0,0,0,0,0,0,0,0,0,47,47,47,47,47,47,47,47,47,47,47,47,47,47,47,47,47,47,47,0,0,0,0,0,0,0,0,0,0,0,0,0,0,0,0,0,0,0,0,0,0,0,0,0,0,0,0,0,0,0,0,0,0,0,0,0,0,47,47,47,47,47,0,0,0,0,0,0,0,0,0,0,0,0,0,0,0,0,...
1730994358,60507084,laser,-3.12413907051086,3.14159274101257,0.00348289706744254,4.34565263276454E-05,0.0781782865524292,0.150000005960464,16,3.97199988365173,3.97199988365173,3.9760000705719,3.98000001907349,3.98000001907349,3.98000001907349,3.97199988365173,3.97199988365173,3.97199988365173,3.9760000705719,3.97199988365173,3.97199988365173,3.97199988365173,3.9760000705719,3.9760000705719,3.98000001907349,3.9760000705719,3.98000001907349,3.98000001907349,3.98000001907349,3.9760000705719,3.9760000705719,3.9760000705719,3.98000001907349,3.98000001907349,10.1440000534058,10.1440000534058,10.1440000534058,10.1440000534058,3.98000001907349,3.98000001907349,3.98000001907349,3.9760000705719,3.9760000705719,3.9760000705719,3.9760000705719,3.98000001907349,3.98000001907349,3.98000001907349,3.98399996757507,3.98399996757507,3.98399996757507,3.98399996757507,3.98399996757507,3.98799991607666,3.98799991607666,3.98799991607666,3.99200010299683,3.99200010299683,3.99200010299683,3.99200010299683,3.99200010299683,3.99600005149841,3.99200010299683,3.99200010299683,3.99200010299683,3.99600005149841,4,4,4,4.00400018692017,4.00400018692017,4.00799989700317,4.01200008392334,4.01200008392334,4.01200008392334,4.01200008392334,4.01599979400635,4.01599979400635,4.01599979400635,4.01599979400635,4.01599979400635,4.01999998092651,4.00799989700317,inf,inf,inf,inf,inf,inf,inf,inf,inf,inf,inf,inf,inf,inf,inf,inf,inf,inf,inf,inf,inf,inf,inf,inf,inf,inf,inf,inf,inf,inf,inf,inf,inf,inf,inf,inf,inf,inf,inf,inf,inf,inf,inf,inf,inf,inf,inf,inf,inf,inf,inf,inf,inf,inf,...,47,47,47,47,47,47,47,47,47,47,47,47,0,0,0,0,0,0,0,0,0,0,0,0,0,0,0,0,0,0,0,0,0,0,0,0,0,0,0,0,0,0,0,0,0,0,0,0,0,0,47,47,47,47,47,47,47,47,47,0,0,0,47,47,47,47,47,0,0,0,0,0,0,0,0,0,0,0,0,0,0,0,0,0,0,0,0,0,0,0,0,0,0,0,0,0,0,0,0,0,0,0,0,0,0,47,47,47,47,47,0,0,0,0,0,0,0,0,0,0,0,0,0,0,0,0,0,0,...
1730994358,140508715,laser,-3.12413907051086,3.14159274101257,0.00348289706744254,4.33254681411199E-05,0.0779425129294395,0.150000005960464,16,3.96799993515015,3.97199988365173,3.97199988365173,3.98000001907349,3.9760000705719,3.9760000705719,3.97199988365173,3.97199988365173,3.97199988365173,3.97199988365173,3.9760000705719,3.9760000705719,3.9760000705719,3.9760000705719,3.9760000705719,3.9760000705719,3.9760000705719,3.9760000705719,3.9760000705719,3.98000001907349,3.9760000705719,3.9760000705719,3.9760000705719,3.98000001907349,3.9760000705719,3.9760000705719,10.1359996795654,10.1359996795654,10.1359996795654,10.1359996795654,3.98399996757507,3.98399996757507,3.98399996757507,3.9760000705719,3.9760000705719,3.9760000705719,3.9760000705719,3.98000001907349,3.98000001907349,3.98000001907349,3.98000001907349,3.98000001907349,3.98399996757507,3.98399996757507,3.98399996757507,3.98399996757507,3.98799991607666,3.98799991607666,3.98799991607666,3.98799991607666,3.98799991607666,3.99200010299683,3.99200010299683,3.99600005149841,3.99600005149841,3.99200010299683,3.99600005149841,3.99600005149841,3.99600005149841,4,4,4.01200008392334,4.01200008392334,4.00799989700317,4.00799989700317,4.00799989700317,4.01200008392334,4.01200008392334,4.01599979400635,4.01599979400635,4.01599979400635,4.01599979400635,4.01999998092651,4.01999998092651,4.00799989700317,inf,inf,inf,inf,inf,inf,inf,inf,inf,inf,inf,inf,inf,inf,inf,inf,inf,inf,inf,inf,inf,inf,inf,inf,inf,inf,inf,inf,inf,inf,inf,inf,inf,inf,inf,inf,inf,inf,inf,inf,inf,inf,inf,inf,inf,inf,inf,inf,inf,inf,inf,inf,inf,...,47,47,47,47,47,47,47,47,47,47,47,47,47,47,47,0,0,0,0,0,0,0,0,0,0,0,0,0,0,0,0,0,0,0,0,0,0,0,0,0,0,0,0,0,0,0,0,0,0,0,47,47,47,47,47,47,47,47,47,47,47,47,47,47,47,47,0,0,0,0,0,0,0,0,0,0,0,0,0,0,0,0,0,0,0,0,0,0,0,0,0,0,0,0,0,0,0,0,0,0,0,0,0,0,0,0,0,0,47,47,47,47,47,0,0,0,0,0,0,0,0,0,0,0,0,0,0,0,...
1730994358,219433965,laser,-3.12413907051086,3.14159274101257,0.00348289706744254,4.38162896898575E-05,0.0788255035877228,0.150000005960464,16,3.97199988365173,3.97199988365173,3.9760000705719,3.98000001907349,3.98000001907349,3.98000001907349,3.97199988365173,3.97199988365173,3.97199988365173,3.9760000705719,3.97199988365173,3.97199988365173,3.97199988365173,3.98000001907349,3.98000001907349,3.98000001907349,3.9760000705719,3.9760000705719,3.98000001907349,3.98000001907349,3.9760000705719,3.9760000705719,3.9760000705719,3.98000001907349,3.98000001907349,10.1920003890991,10.1920003890991,10.1920003890991,10.1920003890991,10.1520004272461,3.98000001907349,3.98000001907349,3.98000001907349,3.9760000705719,3.9760000705719,3.9760000705719,3.98000001907349,3.98000001907349,3.98000001907349,3.98000001907349,3.98000001907349,3.98399996757507,3.98399996757507,3.98399996757507,3.98799991607666,3.98799991607666,3.98799991607666,3.99200010299683,3.98799991607666,3.98799991607666,3.98799991607666,3.99200010299683,3.99200010299683,3.99200010299683,3.99200010299683,3.99600005149841,3.99600005149841,4,4,4,4,4.00799989700317,4.01200008392334,4.01200008392334,4.01200008392334,4.01200008392334,4.01200008392334,4.01599979400635,4.01999998092651,4.01999998092651,4.01999998092651,4.01999998092651,4.01999998092651,4.01999998092651,4.00400018692017,inf,inf,inf,inf,inf,inf,inf,inf,inf,inf,inf,inf,inf,inf,inf,inf,inf,inf,inf,inf,inf,inf,inf,inf,inf,inf,inf,inf,inf,inf,inf,inf,inf,inf,inf,inf,inf,inf,inf,inf,inf,inf,inf,inf,inf,inf,inf,inf,inf,inf,inf,inf,inf,...,47,47,47,47,47,47,47,47,47,47,47,47,47,47,47,0,0,0,0,0,0,0,0,0,0,0,0,0,0,0,0,0,0,0,0,0,0,0,0,0,0,0,0,0,0,0,0,0,0,0,47,47,47,47,47,47,47,47,47,47,47,47,47,47,47,0,0,0,0,0,0,0,0,0,0,0,0,0,0,0,0,0,0,0,0,0,0,0,0,0,0,0,0,0,0,0,0,0,0,0,0,0,0,0,0,0,0,47,47,47,47,47,0,0,0,0,0,0,0,0,0,0,0,0,0,47,47,47,...
1730994358,299545978,laser,-3.12413907051086,3.14159274101257,0.00348289706744254,4.37411072198302E-05,0.0786902531981468,0.150000005960464,16,3.97199988365173,3.96799993515015,3.9760000705719,3.98000001907349,3.98000001907349,3.98000001907349,3.97199988365173,3.97199988365173,3.97199988365173,3.9760000705719,3.9760000705719,3.9760000705719,3.9760000705719,3.9760000705719,3.9760000705719,3.98000001907349,3.98000001907349,3.98000001907349,3.98000001907349,3.98000001907349,3.98000001907349,3.9760000705719,3.9760000705719,3.9760000705719,3.98000001907349,10.1920003890991,10.1920003890991,10.1920003890991,10.1920003890991,10.1520004272461,3.9760000705719,3.9760000705719,3.9760000705719,3.9760000705719,3.9760000705719,3.9760000705719,3.9760000705719,3.98000001907349,3.98000001907349,3.98399996757507,3.98399996757507,3.98399996757507,3.98399996757507,3.98399996757507,3.98799991607666,3.98799991607666,3.98799991607666,3.98799991607666,3.98799991607666,3.98799991607666,3.98799991607666,3.99200010299683,3.99200010299683,3.99200010299683,3.99200010299683,3.99200010299683,3.99600005149841,3.99600005149841,3.99600005149841,4,4.00400018692017,4.00799989700317,4.00799989700317,4.01200008392334,4.01200008392334,4.01200008392334,4.01200008392334,4.01599979400635,4.01599979400635,4.01599979400635,4.01599979400635,4.01599979400635,4.01999998092651,4.01599979400635,inf,inf,inf,inf,inf,inf,inf,inf,inf,inf,inf,inf,inf,inf,inf,inf,inf,inf,inf,inf,inf,inf,inf,inf,inf,inf,inf,inf,inf,inf,inf,inf,inf,inf,inf,inf,inf,inf,inf,inf,inf,inf,inf,inf,inf,inf,inf,inf,inf,inf,inf,inf,inf,inf,...,0,47,47,47,47,47,47,47,47,47,47,47,47,47,0,0,0,0,0,0,0,0,0,0,0,0,0,0,0,0,0,0,0,0,0,0,0,0,0,0,0,0,0,0,47,47,47,47,47,47,47,47,47,47,47,47,47,47,47,47,47,47,47,47,47,47,47,47,47,0,0,0,0,0,0,0,0,0,0,0,0,0,0,0,0,0,0,0,0,0,0,0,0,0,0,0,0,0,0,0,0,0,0,0,0,0,0,0,0,0,0,0,0,0,0,0,0,0,0,0,0,0,0,47,47,47,47,47,...
1730994358,379652233,laser,-3.12413907051086,3.14159274101257,0.00348289706744254,4.35540423495695E-05,0.0783537179231644,0.150000005960464,16,3.97199988365173,3.97199988365173,3.97199988365173,3.98000001907349,3.98000001907349,3.9760000705719,3.9760000705719,3.97199988365173,3.97199988365173,3.97199988365173,3.9760000705719,3.9760000705719,3.9760000705719,3.9760000705719,3.98000001907349,3.98000001907349,3.9760000705719,3.98000001907349,3.98000001907349,3.98000001907349,3.98000001907349,3.98000001907349,3.98000001907349,3.98000001907349,3.98000001907349,3.98000001907349,inf,inf,inf,3.98399996757507,3.98399996757507,3.98399996757507,3.98399996757507,3.98399996757507,3.9760000705719,3.9760000705719,3.9760000705719,3.98000001907349,3.98000001907349,3.98000001907349,3.98399996757507,3.98399996757507,3.98399996757507,3.98399996757507,3.98799991607666,3.98799991607666,3.98799991607666,3.98799991607666,3.98799991607666,3.98799991607666,3.98799991607666,3.99600005149841,3.99600005149841,3.99600005149841,3.99200010299683,3.99200010299683,3.99600005149841,4,4,4,4,4.00400018692017,4.00400018692017,4.00799989700317,4.01200008392334,4.01200008392334,4.01200008392334,4.01599979400635,4.01599979400635,4.01999998092651,4.01599979400635,4.01999998092651,4.01999998092651,4.01999998092651,inf,inf,inf,inf,inf,inf,inf,inf,inf,inf,inf,inf,inf,inf,inf,inf,inf,inf,inf,inf,inf,inf,inf,inf,inf,inf,inf,inf,inf,inf,inf,inf,inf,inf,inf,inf,inf,inf,inf,inf,inf,inf,inf,inf,inf,inf,inf,inf,inf,inf,inf,inf,inf,inf,...,47,47,47,47,47,47,47,47,47,47,47,47,47,47,0,0,0,0,0,0,0,0,0,0,0,0,0,0,0,0,0,0,0,0,0,0,0,0,0,0,0,0,0,47,47,47,47,47,0,0,47,47,47,47,47,47,47,47,47,47,47,47,47,47,47,47,47,47,47,0,0,0,0,0,0,0,0,0,0,0,0,0,0,0,0,0,0,0,0,0,0,0,0,0,0,0,0,0,0,0,0,0,0,0,0,0,0,47,47,47,47,47,0,0,0,0,0,0,0,0,0,0,0,47,47,47,47,47,...
1730994358,459460873,laser,-3.12413907051086,3.14159274101257,0.00348289706744254,4.36139125667978E-05,0.0784614309668541,0.150000005960464,16,3.97199988365173,3.97199988365173,3.97199988365173,3.98000001907349,3.98000001907349,3.9760000705719,3.9760000705719,3.97199988365173,3.97199988365173,3.97199988365173,3.9760000705719,3.9760000705719,3.9760000705719,3.9760000705719,3.9760000705719,3.9760000705719,3.9760000705719,3.98000001907349,3.98000001907349,3.98000001907349,3.9760000705719,3.9760000705719,3.9760000705719,3.98000001907349,10.1599998474121,10.1599998474121,10.1599998474121,10.1599998474121,3.98799991607666,3.98799991607666,3.98799991607666,3.9760000705719,3.9760000705719,3.9760000705719,3.9760000705719,3.9760000705719,3.9760000705719,3.9760000705719,3.98000001907349,3.98000001907349,3.98000001907349,3.98000001907349,3.98399996757507,3.98799991607666,3.98799991607666,3.98799991607666,3.98799991607666,3.98799991607666,3.98799991607666,3.99200010299683,3.99200010299683,3.99200010299683,3.99200010299683,3.99200010299683,3.99200010299683,3.99200010299683,3.99600005149841,3.99600005149841,3.99600005149841,4,4,4.00799989700317,4.01200008392334,4.01200008392334,4.00799989700317,4.00799989700317,4.01200008392334,4.01200008392334,4.01599979400635,4.01599979400635,4.01599979400635,4.01999998092651,4.01999998092651,4.01999998092651,4.00799989700317,inf,inf,inf,inf,inf,inf,inf,inf,inf,inf,inf,inf,inf,inf,inf,inf,inf,inf,inf,inf,inf,inf,inf,inf,inf,inf,inf,inf,inf,inf,inf,inf,inf,inf,inf,inf,inf,inf,inf,inf,inf,inf,inf,inf,inf,inf,inf,inf,inf,inf,inf,inf,inf,...,47,47,47,47,47,47,47,47,47,47,47,47,47,0,0,0,0,0,0,0,0,0,0,0,0,0,0,0,0,0,0,0,0,0,0,0,0,0,0,0,0,0,0,0,0,0,47,47,47,47,47,47,47,47,47,47,47,47,47,47,47,47,47,47,47,47,47,0,0,0,0,0,0,0,0,0,0,0,0,0,0,0,0,0,0,0,0,0,0,0,0,0,0,0,0,0,0,0,0,0,0,0,0,0,0,47,47,47,47,47,0,0,0,0,0,0,0,0,0,0,0,0,0,47,47,47,47,47,...
1730994358,539709892,laser,-3.12413907051086,3.14159274101257,0.00348289706744254,4.33103195973672E-05,0.0779152661561966,0.150000005960464,16,3.97199988365173,3.97199988365173,3.9760000705719,3.98000001907349,3.98000001907349,3.9760000705719,3.97199988365173,3.97199988365173,3.97199988365173,3.9760000705719,3.9760000705719,3.9760000705719,3.97199988365173,3.9760000705719,3.9760000705719,3.98000001907349,3.98000001907349,3.98000001907349,3.98000001907349,3.98000001907349,3.98000001907349,3.9760000705719,3.98000001907349,3.98000001907349,3.98000001907349,10.1440000534058,10.1440000534058,10.1440000534058,10.1440000534058,3.9760000705719,3.9760000705719,3.9760000705719,3.9760000705719,3.9760000705719,3.9760000705719,3.9760000705719,3.98000001907349,3.98000001907349,3.98000001907349,3.98399996757507,3.98399996757507,3.98399996757507,3.98399996757507,3.98399996757507,3.98799991607666,3.98799991607666,3.98799991607666,3.98799991607666,3.98799991607666,3.98799991607666,3.98799991607666,3.99200010299683,3.99200010299683,3.99200010299683,3.99200010299683,3.99200010299683,3.99600005149841,4,4,4,4,4.00799989700317,4.00799989700317,4.01200008392334,4.01200008392334,4.01200008392334,4.01200008392334,4.01599979400635,4.01999998092651,4.01999998092651,4.01999998092651,4.01999998092651,4.01999998092651,4.01999998092651,inf,inf,inf,inf,inf,inf,inf,inf,inf,inf,inf,inf,inf,inf,inf,inf,inf,inf,inf,inf,inf,inf,inf,inf,inf,inf,inf,inf,inf,inf,inf,inf,inf,inf,inf,inf,inf,inf,inf,inf,inf,inf,inf,inf,inf,inf,inf,inf,inf,inf,inf,inf,inf,inf,...,47,47,47,47,47,47,47,47,47,47,47,47,0,0,0,0,0,0,0,0,0,0,0,0,0,0,0,0,0,0,0,0,0,0,0,0,0,0,0,0,0,0,0,0,0,0,0,0,0,47,47,47,47,47,47,47,47,47,47,0,47,47,47,47,47,47,47,0,0,0,0,0,0,0,0,0,0,0,0,0,0,0,0,0,0,0,0,0,0,0,0,0,0,0,0,0,0,0,0,0,0,0,0,0,0,47,47,47,47,47,0,0,0,0,0,0,0,0,0,0,0,0,0,0,0,0,0,47,...
1730994358,618670492,laser,-3.12413907051086,3.14159274101257,0.00348289706744254,4.37957678514067E-05,0.078788585960865,0.150000005960464,16,3.97199988365173,3.97199988365173,3.97199988365173,3.98000001907349,3.98000001907349,3.9760000705719,3.9760000705719,3.97199988365173,3.97199988365173,3.97199988365173,3.9760000705719,3.9760000705719,3.9760000705719,3.9760000705719,3.9760000705719,3.9760000705719,3.9760000705719,3.98000001907349,3.98000001907349,3.98000001907349,3.9760000705719,3.9760000705719,3.9760000705719,3.9760000705719,3.9760000705719,10.1520004272461,10.1520004272461,10.1520004272461,10.1520004272461,10.1359996795654,10.1359996795654,3.9760000705719,3.9760000705719,3.9760000705719,3.9760000705719,3.9760000705719,3.9760000705719,3.9760000705719,3.98000001907349,3.98000001907349,3.98000001907349,3.98000001907349,3.98399996757507,3.98399996757507,3.98799991607666,3.98799991607666,3.98799991607666,3.98799991607666,3.98799991607666,3.98799991607666,3.98799991607666,3.99200010299683,3.99200010299683,3.99200010299683,3.99200010299683,3.99200010299683,3.99200010299683,3.99200010299683,3.99600005149841,4,4,4.00799989700317,4.01200008392334,4.01200008392334,4.00799989700317,4.00799989700317,4.00799989700317,4.01200008392334,4.01599979400635,4.01599979400635,4.01599979400635,4.01999998092651,4.02400016784668,4.02400016784668,4.00799989700317,inf,inf,inf,inf,inf,inf,inf,inf,inf,inf,inf,inf,inf,inf,inf,inf,inf,inf,inf,inf,inf,inf,inf,inf,inf,inf,inf,inf,inf,inf,inf,inf,inf,inf,inf,inf,inf,inf,inf,inf,inf,inf,inf,inf,inf,inf,inf,inf,inf,inf,inf,inf,inf,...,47,47,47,47,47,47,47,47,47,47,47,47,47,47,0,0,0,0,0,0,0,0,0,0,0,0,0,0,0,0,0,0,0,0,0,0,0,0,0,0,0,0,0,47,47,47,47,47,47,47,47,47,47,47,47,47,47,47,47,47,47,47,47,47,47,47,47,47,47,0,0,0,0,0,0,0,0,0,0,0,0,0,0,0,0,0,0,0,0,0,0,0,0,0,0,0,0,0,0,0,0,0,0,0,0,0,0,47,47,47,47,47,0,0,0,0,0,0,0,0,0,0,0,0,47,47,47,47,...
1730994358,699118682,laser,-3.12413907051086,3.14159274101257,0.00348289706744254,4.34697285527363E-05,0.0782020390033722,0.150000005960464,16,3.9760000705719,3.97199988365173,3.9760000705719,3.98000001907349,3.98000001907349,3.9760000705719,3.97199988365173,3.97199988365173,3.97199988365173,3.97199988365173,3.97199988365173,3.97199988365173,3.97199988365173,3.9760000705719,3.9760000705719,3.98000001907349,3.9760000705719,3.9760000705719,3.98000001907349,3.98000001907349,3.98000001907349,3.9760000705719,3.98000001907349,3.98000001907349,3.98000001907349,10.1520004272461,10.1520004272461,10.1520004272461,10.1520004272461,3.98000001907349,3.98000001907349,3.98000001907349,3.9760000705719,3.9760000705719,3.9760000705719,3.9760000705719,3.98000001907349,3.98000001907349,3.98000001907349,3.98000001907349,3.98000001907349,3.98000001907349,3.98399996757507,3.98399996757507,3.98399996757507,3.98399996757507,3.98799991607666,3.98799991607666,3.98799991607666,3.98799991607666,3.99200010299683,3.99200010299683,3.99200010299683,3.99200010299683,3.99200010299683,3.99200010299683,3.99200010299683,3.99600005149841,3.99600005149841,4,4.00400018692017,4.00400018692017,4.00400018692017,4.00799989700317,4.00799989700317,4.01200008392334,4.01200008392334,4.01599979400635,4.01599979400635,4.01999998092651,4.01599979400635,4.01599979400635,4.01999998092651,4.00799989700317,4.00799989700317,inf,inf,inf,inf,inf,inf,inf,inf,inf,inf,inf,inf,inf,inf,inf,inf,inf,inf,inf,inf,inf,inf,inf,inf,inf,inf,inf,inf,inf,inf,inf,inf,inf,inf,inf,inf,inf,inf,inf,inf,inf,inf,inf,inf,inf,inf,inf,inf,inf,inf,inf,inf,inf,...,0,47,47,47,47,47,47,47,47,47,47,47,0,0,0,0,0,0,0,0,0,0,0,0,0,0,0,0,0,0,0,0,0,0,0,0,0,0,0,0,0,0,0,0,0,47,47,47,47,47,47,47,47,47,47,47,47,47,47,0,47,47,47,47,47,47,47,0,0,0,0,0,0,0,0,0,0,0,0,0,0,0,0,0,0,0,0,0,0,0,0,0,0,0,0,0,0,0,0,0,0,0,0,0,0,47,47,47,47,47,0,0,0,0,0,0,0,0,0,0,0,0,0,0,0,0,0,0,...
1730994358,779030711,laser,-3.12413907051086,3.14159274101257,0.00348289706744254,4.34465837315656E-05,0.0781604051589966,0.150000005960464,16,3.97199988365173,3.9760000705719,3.9760000705719,3.98000001907349,3.98000001907349,3.98000001907349,3.97199988365173,3.96799993515015,3.96799993515015,3.97199988365173,3.97199988365173,3.97199988365173,3.97199988365173,3.9760000705719,3.9760000705719,3.9760000705719,3.9760000705719,3.98000001907349,3.98000001907349,3.98000001907349,3.98000001907349,3.98000001907349,3.98000001907349,3.98000001907349,3.97199988365173,3.97199988365173,inf,inf,inf,inf,3.98000001907349,3.98000001907349,3.98000001907349,3.98000001907349,3.98000001907349,3.9760000705719,3.9760000705719,3.9760000705719,3.9760000705719,3.98000001907349,3.98000001907349,3.98000001907349,3.98399996757507,3.98399996757507,3.98799991607666,3.98799991607666,3.98799991607666,3.99200010299683,3.98799991607666,3.98799991607666,3.98799991607666,3.99200010299683,3.99200010299683,3.99200010299683,3.99200010299683,3.99600005149841,3.99600005149841,3.99600005149841,3.99600005149841,4,4,4.00799989700317,4.01200008392334,4.01200008392334,4.00799989700317,4.00799989700317,4.00799989700317,4.01200008392334,4.01599979400635,4.01599979400635,4.01599979400635,4.01999998092651,4.01999998092651,4.01999998092651,4.00799989700317,inf,inf,inf,inf,inf,inf,inf,inf,inf,inf,inf,inf,inf,inf,inf,inf,inf,inf,inf,inf,inf,inf,inf,inf,inf,inf,inf,inf,inf,inf,inf,inf,inf,inf,inf,inf,inf,inf,inf,inf,inf,inf,inf,inf,inf,inf,inf,inf,inf,inf,inf,inf,inf,...,47,47,47,47,47,47,47,47,47,47,47,47,47,47,0,0,0,0,0,0,0,0,0,0,0,0,0,0,0,0,0,0,0,0,0,0,0,0,0,0,0,0,0,0,0,0,0,0,0,0,47,47,47,47,47,47,47,47,47,47,47,0,0,47,47,47,47,47,0,0,0,0,0,0,0,0,0,0,0,0,0,0,0,0,0,0,0,0,0,0,0,0,0,0,0,0,0,0,0,0,0,0,0,0,0,0,47,47,47,47,47,0,0,0,0,0,0,0,0,0,0,0,0,0,47,47,47,47,...
1730994358,858763221,laser,-3.12413907051086,3.14159274101257,0.00348289706744254,4.35363399446942E-05,0.0783218741416931,0.150000005960464,16,3.97199988365173,3.96799993515015,3.9760000705719,3.98000001907349,3.98000001907349,3.9760000705719,3.97199988365173,3.97199988365173,3.97199988365173,3.97199988365173,3.97199988365173,3.97199988365173,3.97199988365173,3.9760000705719,3.9760000705719,3.9760000705719,3.98000001907349,3.98000001907349,3.98000001907349,3.98000001907349,3.98000001907349,3.9760000705719,3.9760000705719,3.9760000705719,3.9760000705719,10.1920003890991,10.1920003890991,10.1920003890991,10.1920003890991,10.1520004272461,3.98000001907349,3.98000001907349,3.98000001907349,3.98000001907349,3.9760000705719,3.9760000705719,3.9760000705719,3.9760000705719,3.98000001907349,3.98399996757507,3.98399996757507,3.98399996757507,3.98399996757507,3.98399996757507,3.98799991607666,3.98799991607666,3.98799991607666,3.99200010299683,3.99200010299683,3.98799991607666,3.99200010299683,3.99200010299683,3.99200010299683,3.99200010299683,3.99200010299683,3.99200010299683,3.99200010299683,3.99600005149841,3.99600005149841,4,4.00400018692017,4.00400018692017,4.00400018692017,4.00799989700317,4.01200008392334,4.01200008392334,4.01200008392334,4.01599979400635,4.01599979400635,4.01999998092651,4.01599979400635,4.01599979400635,4.01999998092651,4.00799989700317,inf,inf,inf,inf,inf,inf,inf,inf,inf,inf,inf,inf,inf,inf,inf,inf,inf,inf,inf,inf,inf,inf,inf,inf,inf,inf,inf,inf,inf,inf,inf,inf,inf,inf,inf,inf,inf,inf,inf,inf,inf,inf,inf,inf,inf,inf,inf,inf,inf,inf,inf,inf,inf,inf,...,0,47,47,47,47,47,47,47,47,47,47,47,47,47,0,0,0,0,0,0,0,0,0,0,0,0,0,0,0,0,0,0,0,0,0,0,0,0,0,0,0,0,0,0,47,47,47,47,47,47,47,47,47,47,47,47,47,47,47,47,47,47,47,47,47,47,47,47,47,0,0,0,0,0,0,0,0,0,0,0,0,0,0,0,0,0,0,0,0,0,0,0,0,0,0,0,0,0,0,0,0,0,0,47,47,47,47,47,47,47,47,47,0,0,0,0,0,0,0,0,0,0,0,47,47,47,47,47,...
1730994358,938801774,laser,-3.12413907051086,3.14159274101257,0.00348289706744254,4.33969289588276E-05,0.0780710726976395,0.150000005960464,16,3.97199988365173,3.97199988365173,3.97199988365173,3.98000001907349,3.98000001907349,3.98000001907349,3.97199988365173,3.97199988365173,3.97199988365173,3.97199988365173,3.97199988365173,3.97199988365173,3.97199988365173,3.9760000705719,3.9760000705719,3.9760000705719,3.9760000705719,3.98000001907349,3.98000001907349,3.98000001907349,3.9760000705719,3.9760000705719,3.9760000705719,3.9760000705719,3.97199988365173,3.97199988365173,10.1359996795654,10.1359996795654,10.1359996795654,10.1359996795654,3.98399996757507,3.98399996757507,3.98399996757507,3.9760000705719,3.9760000705719,3.9760000705719,3.9760000705719,3.9760000705719,3.9760000705719,3.98000001907349,3.98399996757507,3.98399996757507,3.98399996757507,3.98399996757507,3.98799991607666,3.98799991607666,3.99200010299683,3.99200010299683,3.98799991607666,3.98799991607666,3.99200010299683,3.99600005149841,3.99600005149841,3.99200010299683,3.99200010299683,3.99200010299683,3.99600005149841,3.99600005149841,3.99600005149841,3.99600005149841,4,4.00799989700317,4.00799989700317,4.00799989700317,4.01200008392334,4.01200008392334,4.01200008392334,4.01599979400635,4.01999998092651,4.01999998092651,4.01599979400635,4.01999998092651,4.01999998092651,4.01999998092651,inf,inf,inf,inf,inf,inf,inf,inf,inf,inf,inf,inf,inf,inf,inf,inf,inf,inf,inf,inf,inf,inf,inf,inf,inf,inf,inf,inf,inf,inf,inf,inf,inf,inf,inf,inf,inf,inf,inf,inf,inf,inf,inf,inf,inf,inf,inf,inf,inf,inf,inf,inf,inf,inf,...,47,47,47,47,47,47,47,47,47,47,47,47,47,47,47,0,0,0,0,0,0,0,0,0,0,0,0,0,0,0,0,0,0,0,0,0,0,0,0,0,0,0,0,0,0,0,0,0,0,0,47,47,47,47,47,47,47,47,47,47,47,47,47,47,47,47,0,0,0,0,0,0,0,0,0,0,0,0,0,0,0,0,0,0,0,0,0,0,0,0,0,0,0,0,0,0,0,0,0,0,0,0,0,0,0,0,0,0,47,47,47,47,47,0,0,0,0,0,0,0,0,47,47,47,47,47,47,47,...
1730994359,18459793,laser,-3.12413907051086,3.14159274101257,0.00348289706744254,4.68374018964823E-05,0.0842604860663414,0.150000005960464,16,3.96799993515015,3.97199988365173,3.97199988365173,3.98000001907349,3.98000001907349,3.9760000705719,3.9760000705719,3.97199988365173,3.97199988365173,3.97199988365173,3.9760000705719,3.97199988365173,3.97199988365173,3.97199988365173,3.9760000705719,3.9760000705719,3.9760000705719,3.98000001907349,3.98000001907349,3.98000001907349,3.9760000705719,3.9760000705719,3.9760000705719,3.9760000705719,3.9760000705719,10.1599998474121,10.1599998474121,10.1599998474121,10.1599998474121,3.98399996757507,3.98399996757507,3.98399996757507,3.98399996757507,3.9760000705719,3.9760000705719,3.9760000705719,3.9760000705719,3.9760000705719,3.98000001907349,3.98000001907349,3.98000001907349,3.98000001907349,3.98399996757507,3.98799991607666,3.98799991607666,3.98799991607666,3.99200010299683,3.99200010299683,3.99200010299683,3.98799991607666,3.99200010299683,3.99200010299683,3.99600005149841,3.99600005149841,3.99600005149841,3.99200010299683,3.99600005149841,3.99600005149841,3.99600005149841,4,4,4.00799989700317,4.01200008392334,4.00799989700317,4.00799989700317,4.01200008392334,4.01200008392334,4.01200008392334,4.01599979400635,4.01999998092651,4.01999998092651,4.01999998092651,4.01999998092651,4.00799989700317,4.00799989700317,inf,inf,inf,inf,inf,inf,inf,inf,inf,inf,inf,inf,inf,inf,inf,inf,inf,inf,inf,inf,inf,inf,inf,inf,inf,inf,inf,inf,inf,inf,inf,inf,inf,inf,inf,inf,inf,inf,inf,inf,inf,inf,inf,inf,inf,inf,inf,inf,inf,inf,inf,inf,inf,...,47,47,47,47,47,47,47,47,47,47,47,47,47,47,47,0,0,0,0,0,0,0,0,0,0,0,0,0,0,0,0,0,0,0,0,0,0,0,0,0,0,0,0,0,47,47,47,47,47,47,47,47,47,47,47,47,47,47,47,47,47,47,47,47,47,47,0,0,0,0,0,0,0,0,0,0,0,0,0,0,0,0,0,0,0,0,0,0,0,0,0,0,0,0,0,0,0,0,0,0,0,0,0,0,0,0,0,0,47,47,47,47,47,0,0,0,0,0,0,0,0,47,47,47,47,47,47,47,...
1730994359,104173264,laser,-3.12413907051086,3.14159274101257,0.00348289706744254,4.36466725659557E-05,0.0785203650593758,0.150000005960464,16,3.97199988365173,3.97199988365173,3.97199988365173,3.98000001907349,3.98000001907349,3.9760000705719,3.97199988365173,3.97199988365173,3.97199988365173,3.97199988365173,3.97199988365173,3.97199988365173,3.97199988365173,3.9760000705719,3.9760000705719,3.98000001907349,3.9760000705719,3.98000001907349,3.98000001907349,3.98000001907349,3.9760000705719,3.9760000705719,3.98000001907349,3.98000001907349,3.98000001907349,10.1520004272461,10.1520004272461,10.1520004272461,10.1520004272461,3.98000001907349,3.98000001907349,3.98000001907349,3.9760000705719,3.9760000705719,3.9760000705719,3.9760000705719,3.9760000705719,3.9760000705719,3.98000001907349,3.98000001907349,3.98000001907349,3.98000001907349,3.98399996757507,3.98399996757507,3.98799991607666,3.99200010299683,3.99200010299683,3.99200010299683,3.99200010299683,3.99200010299683,3.99200010299683,3.99200010299683,3.99200010299683,3.99200010299683,3.99200010299683,3.99600005149841,3.99600005149841,4,4,4,4,4.00799989700317,4.01200008392334,4.01200008392334,4.01200008392334,4.00799989700317,4.00799989700317,4.01599979400635,4.01999998092651,4.01999998092651,4.01999998092651,4.01999998092651,4.01999998092651,4.01999998092651,inf,inf,inf,inf,inf,inf,inf,inf,inf,inf,inf,inf,inf,inf,inf,inf,inf,inf,inf,inf,inf,inf,inf,inf,inf,inf,inf,inf,inf,inf,inf,inf,inf,inf,inf,inf,inf,inf,inf,inf,inf,inf,inf,inf,inf,inf,inf,inf,inf,inf,inf,inf,inf,inf,...,47,47,47,47,47,47,47,47,47,47,47,47,0,0,0,0,0,0,0,0,0,0,0,0,0,0,0,0,0,0,0,0,0,0,0,0,0,0,0,0,0,0,0,0,0,0,0,0,0,0,47,47,47,47,47,47,47,47,47,0,47,47,47,47,47,47,47,0,0,0,0,0,0,0,0,0,0,0,0,0,0,0,0,0,0,0,0,0,0,0,0,0,0,0,0,0,0,0,0,0,0,0,0,0,0,47,47,47,47,47,0,0,0,0,0,0,0,0,0,0,0,0,47,47,47,47,47,47,...
1730994359,184337246,laser,-3.12413907051086,3.14159274101257,0.00348289706744254,4.3392396037234E-05,0.0780629217624664,0.150000005960464,16,3.97199988365173,3.96799993515015,3.9760000705719,3.9760000705719,3.98000001907349,3.9760000705719,3.9760000705719,3.97199988365173,3.97199988365173,3.97199988365173,3.97199988365173,3.97199988365173,3.97199988365173,3.97199988365173,3.9760000705719,3.9760000705719,3.9760000705719,3.98000001907349,3.98000001907349,3.9760000705719,3.9760000705719,3.9760000705719,3.9760000705719,3.9760000705719,10.1680002212524,10.1680002212524,10.1680002212524,10.1680002212524,10.1440000534058,10.1440000534058,10.1440000534058,3.98000001907349,3.98000001907349,3.98000001907349,3.98000001907349,3.9760000705719,3.9760000705719,3.9760000705719,3.98000001907349,3.98000001907349,3.98000001907349,3.98399996757507,3.98799991607666,3.98799991607666,3.99200010299683,3.99200010299683,3.99200010299683,3.99200010299683,3.99200010299683,3.99200010299683,3.99200010299683,3.99200010299683,3.99200010299683,3.99200010299683,3.99200010299683,3.99600005149841,3.99600005149841,3.99600005149841,3.99600005149841,3.99600005149841,4,4.00799989700317,4.00799989700317,4.01200008392334,4.01200008392334,4.01200008392334,4.01200008392334,4.01599979400635,4.01999998092651,4.01999998092651,4.01599979400635,4.01999998092651,4.01999998092651,4.01999998092651,inf,inf,inf,inf,inf,inf,inf,inf,inf,inf,inf,inf,inf,inf,inf,inf,inf,inf,inf,inf,inf,inf,inf,inf,inf,inf,inf,inf,inf,inf,inf,inf,inf,inf,inf,inf,inf,inf,inf,inf,inf,inf,inf,inf,inf,inf,inf,inf,inf,inf,inf,inf,inf,inf,...,0,47,47,47,47,47,47,47,47,47,47,47,47,0,0,0,0,0,0,0,0,0,0,0,0,0,0,0,0,0,0,0,0,0,0,0,0,0,0,0,0,0,0,0,0,0,47,47,47,47,47,47,47,47,47,47,47,47,47,47,47,47,47,47,47,47,47,47,0,0,0,0,0,0,0,0,0,0,0,0,0,0,0,0,0,0,0,0,0,0,0,0,0,0,0,0,0,0,0,0,0,47,47,47,47,47,47,47,47,47,0,0,0,0,0,0,0,0,0,0,0,0,0,47,47,47,47,47,...
1730994359,263649241,laser,-3.12413907051086,3.14159274101257,0.00348289706744254,4.36941409134306E-05,0.0786057636141777,0.150000005960464,16,3.97199988365173,3.97199988365173,3.9760000705719,3.9760000705719,3.98000001907349,3.9760000705719,3.9760000705719,3.97199988365173,3.97199988365173,3.97199988365173,3.97199988365173,3.9760000705719,3.9760000705719,3.9760000705719,3.9760000705719,3.9760000705719,3.9760000705719,3.98000001907349,3.98000001907349,3.98000001907349,3.9760000705719,3.9760000705719,3.9760000705719,3.9760000705719,3.9760000705719,10.1680002212524,10.1680002212524,10.1680002212524,10.1680002212524,10.1440000534058,10.1440000534058,3.98000001907349,3.98000001907349,3.98000001907349,3.9760000705719,3.9760000705719,3.9760000705719,3.9760000705719,3.98000001907349,3.98000001907349,3.98399996757507,3.98000001907349,3.98399996757507,3.98399996757507,3.98799991607666,3.98799991607666,3.98799991607666,3.99200010299683,3.99200010299683,3.98799991607666,3.98799991607666,3.99200010299683,3.99200010299683,3.99200010299683,3.99200010299683,3.99600005149841,3.99600005149841,4,4,4,4,4.00799989700317,4.01200008392334,4.01200008392334,4.01200008392334,4.00799989700317,4.00799989700317,4.01200008392334,4.01599979400635,4.01599979400635,4.01599979400635,4.01999998092651,4.01999998092651,4.01999998092651,4.00799989700317,inf,inf,inf,inf,inf,inf,inf,inf,inf,inf,inf,inf,inf,inf,inf,inf,inf,inf,inf,inf,inf,inf,inf,inf,inf,inf,inf,inf,inf,inf,inf,inf,inf,inf,inf,inf,inf,inf,inf,inf,inf,inf,inf,inf,inf,inf,inf,inf,inf,inf,inf,inf,inf,...,0,47,47,47,47,47,47,47,47,47,47,47,47,47,0,0,0,0,0,0,0,0,0,0,0,0,0,0,0,0,0,0,0,0,0,0,0,0,0,0,0,0,0,47,47,47,47,47,47,47,47,47,47,47,47,47,47,47,47,47,47,47,47,47,47,47,47,47,47,0,0,0,0,0,0,0,0,0,0,0,0,0,0,0,0,0,0,0,0,0,0,0,0,0,0,0,0,0,0,0,0,0,0,47,47,47,47,47,47,47,47,47,0,0,0,0,0,0,0,0,0,0,0,47,47,47,47,47,...
1730994359,343648324,laser,-3.12413907051086,3.14159274101257,0.00348289706744254,4.36809859820642E-05,0.0785820931196213,0.150000005960464,16,3.97199988365173,3.97199988365173,3.9760000705719,3.9760000705719,3.98000001907349,3.9760000705719,3.97199988365173,3.97199988365173,3.97199988365173,3.9760000705719,3.9760000705719,3.9760000705719,3.9760000705719,3.9760000705719,3.9760000705719,3.9760000705719,3.9760000705719,3.98000001907349,3.98000001907349,3.98000001907349,3.98000001907349,3.9760000705719,3.9760000705719,3.9760000705719,3.9760000705719,10.1680002212524,10.1680002212524,10.1680002212524,10.1680002212524,10.1440000534058,10.1440000534058,3.9760000705719,3.9760000705719,3.9760000705719,3.9760000705719,3.9760000705719,3.9760000705719,3.9760000705719,3.98000001907349,3.98000001907349,3.98000001907349,3.98000001907349,3.98000001907349,3.98399996757507,3.98799991607666,3.98799991607666,3.98799991607666,3.99200010299683,3.98799991607666,3.98799991607666,3.99200010299683,3.99200010299683,3.99200010299683,3.99200010299683,3.99200010299683,3.99200010299683,3.99600005149841,4,4,4,4,4.00799989700317,4.00799989700317,4.01200008392334,4.01200008392334,4.01200008392334,4.01200008392334,4.01200008392334,4.01999998092651,4.01999998092651,4.01999998092651,4.01999998092651,4.01999998092651,4.01999998092651,inf,inf,inf,inf,inf,inf,inf,inf,inf,inf,inf,inf,inf,inf,inf,inf,inf,inf,inf,inf,inf,inf,inf,inf,inf,inf,inf,inf,inf,inf,inf,inf,inf,inf,inf,inf,inf,inf,inf,inf,inf,inf,inf,inf,inf,inf,inf,inf,inf,inf,inf,inf,inf,inf,...,0,47,47,47,47,47,47,47,47,47,47,0,0,0,0,0,0,0,0,0,0,0,0,0,0,0,0,0,0,0,0,0,0,0,0,0,0,0,0,0,0,0,0,0,0,47,47,47,47,47,47,47,47,47,47,47,47,47,47,47,47,47,47,47,47,47,0,0,0,0,0,0,0,0,0,0,0,0,0,0,0,0,0,0,0,0,0,0,0,0,0,0,0,0,0,0,0,0,0,0,0,0,0,0,47,47,47,47,47,47,47,47,47,0,0,0,0,0,0,0,0,0,0,47,47,47,47,47,...
1730994359,424134184,laser,-3.12413907051086,3.14159274101257,0.00348289706744254,4.33347486250568E-05,0.0779592171311379,0.150000005960464,16,3.97199988365173,3.97199988365173,3.9760000705719,3.9760000705719,3.98000001907349,3.9760000705719,3.9760000705719,3.97199988365173,3.97199988365173,3.97199988365173,3.9760000705719,3.9760000705719,3.9760000705719,3.9760000705719,3.9760000705719,3.9760000705719,3.9760000705719,3.98000001907349,3.98000001907349,3.98000001907349,3.9760000705719,3.9760000705719,3.9760000705719,3.9760000705719,10.1599998474121,10.1599998474121,10.1599998474121,10.1599998474121,10.1359996795654,10.1359996795654,10.1359996795654,3.9760000705719,3.9760000705719,3.9760000705719,3.9760000705719,3.9760000705719,3.9760000705719,3.9760000705719,3.98000001907349,3.98000001907349,3.98399996757507,3.98399996757507,3.98399996757507,3.98399996757507,3.98399996757507,3.98799991607666,3.98799991607666,3.98799991607666,3.98799991607666,3.98799991607666,3.99200010299683,3.99200010299683,3.99600005149841,3.99200010299683,3.99200010299683,3.99200010299683,3.99600005149841,3.99600005149841,3.99600005149841,4,4.00400018692017,4.00400018692017,4.00799989700317,4.01200008392334,4.01200008392334,4.01200008392334,4.01200008392334,4.01599979400635,4.01599979400635,4.01599979400635,4.01599979400635,4.01599979400635,4.01999998092651,4.01200008392334,4.01200008392334,inf,inf,inf,inf,inf,inf,inf,inf,inf,inf,inf,inf,inf,inf,inf,inf,inf,inf,inf,inf,inf,inf,inf,inf,inf,inf,inf,inf,inf,inf,inf,inf,inf,inf,inf,inf,inf,inf,inf,inf,inf,inf,inf,inf,inf,inf,inf,inf,inf,inf,inf,inf,inf,...,47,47,47,47,47,47,47,47,47,47,47,47,47,0,0,0,0,0,0,0,0,0,0,0,0,0,0,0,0,0,0,0,0,0,0,0,0,0,0,0,0,0,0,0,0,0,47,47,47,47,47,47,47,47,47,47,47,47,47,47,47,47,47,47,47,47,47,0,0,0,0,0,0,0,0,0,0,0,0,0,0,0,0,0,0,0,0,0,0,0,0,0,0,0,0,0,0,0,0,0,0,0,0,0,0,47,47,47,47,47,0,0,0,0,0,0,0,0,0,0,0,0,0,47,47,47,47,47,...
1730994359,503767551,laser,-3.12413907051086,3.14159274101257,0.00348289706744254,4.33971763413865E-05,0.0780715197324753,0.150000005960464,16,3.97199988365173,3.97199988365173,3.97199988365173,3.98000001907349,3.98000001907349,3.98000001907349,3.9760000705719,3.97199988365173,3.97199988365173,3.9760000705719,3.9760000705719,3.9760000705719,3.97199988365173,3.9760000705719,3.98000001907349,3.98000001907349,3.9760000705719,3.9760000705719,3.9760000705719,3.98000001907349,3.98000001907349,3.98000001907349,3.98000001907349,3.98000001907349,3.98000001907349,3.9760000705719,inf,inf,inf,inf,3.98399996757507,3.98399996757507,3.98399996757507,3.98399996757507,3.98399996757507,3.9760000705719,3.9760000705719,3.9760000705719,3.9760000705719,3.98000001907349,3.98000001907349,3.98000001907349,3.98399996757507,3.98399996757507,3.98799991607666,3.98799991607666,3.98799991607666,3.99200010299683,3.98799991607666,3.98799991607666,3.98799991607666,3.99200010299683,3.99200010299683,3.99200010299683,3.99200010299683,3.99600005149841,3.99600005149841,3.99600005149841,3.99600005149841,3.99600005149841,4,4.00799989700317,4.00799989700317,4.01200008392334,4.01200008392334,4.00799989700317,4.00799989700317,4.01200008392334,4.01599979400635,4.01599979400635,4.01599979400635,4.01999998092651,4.01999998092651,4.01999998092651,4.01200008392334,inf,inf,inf,inf,inf,inf,inf,inf,inf,inf,inf,inf,inf,inf,inf,inf,inf,inf,inf,inf,inf,inf,inf,inf,inf,inf,inf,inf,inf,inf,inf,inf,inf,inf,inf,inf,inf,inf,inf,inf,inf,inf,inf,inf,inf,inf,inf,inf,inf,inf,inf,inf,inf,...,47,47,47,47,47,47,47,47,47,47,47,47,47,0,0,0,0,0,0,0,0,0,0,0,0,0,0,0,0,0,0,0,0,0,0,0,0,0,0,0,0,0,0,0,0,0,0,0,0,0,47,47,47,47,47,47,47,47,47,47,47,0,0,47,47,47,47,47,0,0,0,0,0,0,0,0,0,0,0,0,0,0,0,0,0,0,0,0,0,0,0,0,0,0,0,0,0,0,0,0,0,0,0,0,0,0,47,47,47,47,47,0,0,0,0,0,0,0,0,0,0,0,47,47,47,47,47,47,...
1730994359,583297432,laser,-3.12413907051086,3.14159274101257,0.00348289706744254,4.35915681009647E-05,0.0784212276339531,0.150000005960464,16,3.9760000705719,3.97199988365173,3.9760000705719,3.9760000705719,3.98000001907349,3.9760000705719,3.9760000705719,3.9760000705719,3.97199988365173,3.97199988365173,3.9760000705719,3.9760000705719,3.9760000705719,3.9760000705719,3.9760000705719,3.9760000705719,3.9760000705719,3.9760000705719,3.98000001907349,3.98000001907349,3.98000001907349,3.9760000705719,3.9760000705719,3.9760000705719,3.9760000705719,10.1680002212524,10.1680002212524,10.1680002212524,10.1680002212524,10.1359996795654,10.1359996795654,3.9760000705719,3.9760000705719,3.9760000705719,3.9760000705719,3.9760000705719,3.9760000705719,3.9760000705719,3.98000001907349,3.98000001907349,3.98000001907349,3.98000001907349,3.98399996757507,3.98799991607666,3.98799991607666,3.98799991607666,3.98799991607666,3.98799991607666,3.99200010299683,3.98799991607666,3.98799991607666,3.99200010299683,3.99200010299683,3.99600005149841,3.99600005149841,3.99600005149841,3.99600005149841,3.99600005149841,3.99600005149841,4,4,4.00799989700317,4.01200008392334,4.00799989700317,4.00799989700317,4.01200008392334,4.01200008392334,4.01200008392334,4.01599979400635,4.01599979400635,4.01599979400635,4.01999998092651,4.01999998092651,4.00799989700317,4.00799989700317,inf,inf,inf,inf,inf,inf,inf,inf,inf,inf,inf,inf,inf,inf,inf,inf,inf,inf,inf,inf,inf,inf,inf,inf,inf,inf,inf,inf,inf,inf,inf,inf,inf,inf,inf,inf,inf,inf,inf,inf,inf,inf,inf,inf,inf,inf,inf,inf,inf,inf,inf,inf,inf,...,47,47,47,47,47,47,47,47,47,47,47,47,47,47,0,0,0,0,0,0,0,0,0,0,0,0,0,0,0,0,0,0,0,0,0,0,0,0,0,0,0,0,0,47,47,47,47,47,47,47,47,47,47,47,47,47,47,47,47,47,47,47,47,47,47,47,47,47,47,0,0,0,0,0,0,0,0,0,0,0,0,0,0,0,0,0,0,0,0,0,0,0,0,0,0,0,0,0,0,0,0,0,0,47,47,47,47,47,47,47,47,47,0,0,0,0,0,0,0,0,0,0,0,47,47,47,47,47,...
1730994359,663319813,laser,-3.12413907051086,3.14159274101257,0.00348289706744254,4.35104557254817E-05,0.0782753154635429,0.150000005960464,16,3.97199988365173,3.97199988365173,3.9760000705719,3.98000001907349,3.98000001907349,3.9760000705719,3.97199988365173,3.97199988365173,3.97199988365173,3.97199988365173,3.97199988365173,3.97199988365173,3.97199988365173,3.9760000705719,3.9760000705719,3.9760000705719,3.9760000705719,3.98000001907349,3.98000001907349,3.98000001907349,3.98000001907349,3.98000001907349,3.98000001907349,3.9760000705719,3.9760000705719,10.1359996795654,10.1359996795654,10.1359996795654,10.1359996795654,3.9760000705719,3.9760000705719,3.9760000705719,3.9760000705719,3.9760000705719,3.9760000705719,3.9760000705719,3.9760000705719,3.9760000705719,3.98000001907349,3.98000001907349,3.98000001907349,3.98000001907349,3.98399996757507,3.98399996757507,3.98799991607666,3.98799991607666,3.98799991607666,3.99200010299683,3.98799991607666,3.98799991607666,3.98799991607666,3.99200010299683,3.99200010299683,3.99200010299683,3.99200010299683,3.99600005149841,3.99600005149841,4,3.99600005149841,3.99600005149841,4,4.00799989700317,4.01200008392334,4.01200008392334,4.01200008392334,4.00799989700317,4.00799989700317,4.01200008392334,4.01599979400635,4.01599979400635,4.01999998092651,4.01999998092651,4.01999998092651,4.01999998092651,4.00799989700317,inf,inf,inf,inf,inf,inf,inf,inf,inf,inf,inf,inf,inf,inf,inf,inf,inf,inf,inf,inf,inf,inf,inf,inf,inf,inf,inf,inf,inf,inf,inf,inf,inf,inf,inf,inf,inf,inf,inf,inf,inf,inf,inf,inf,inf,inf,inf,inf,inf,inf,inf,inf,inf,...,47,47,47,47,47,47,47,47,47,47,47,47,0,0,0,0,0,0,0,0,0,0,0,0,0,0,0,0,0,0,0,0,0,0,0,0,0,0,0,0,0,0,0,0,0,0,0,0,0,0,47,47,47,47,47,47,47,47,47,0,0,0,47,47,47,47,47,0,0,0,0,0,0,0,0,0,0,0,0,0,0,0,0,0,0,0,0,0,0,0,0,0,0,0,0,0,0,0,0,0,0,0,0,0,0,47,47,47,47,47,0,0,0,0,0,0,0,0,0,0,0,0,47,47,47,47,47,47,...
1730994359,743633074,laser,-3.12413907051086,3.14159274101257,0.00348289706744254,4.31490952905733E-05,0.0776252225041389,0.150000005960464,16,3.9760000705719,3.97199988365173,3.9760000705719,3.9760000705719,3.98000001907349,3.9760000705719,3.9760000705719,3.97199988365173,3.97199988365173,3.9760000705719,3.9760000705719,3.9760000705719,3.9760000705719,3.9760000705719,3.9760000705719,3.9760000705719,3.9760000705719,3.9760000705719,3.98000001907349,3.9760000705719,3.9760000705719,3.9760000705719,3.9760000705719,3.9760000705719,3.9760000705719,10.1680002212524,10.1680002212524,10.1680002212524,10.1680002212524,10.1359996795654,10.1359996795654,3.9760000705719,3.9760000705719,3.9760000705719,3.9760000705719,3.9760000705719,3.9760000705719,3.9760000705719,3.98000001907349,3.98000001907349,3.98000001907349,3.98000001907349,3.98399996757507,3.98399996757507,3.98399996757507,3.98399996757507,3.98799991607666,3.98799991607666,3.98799991607666,3.98799991607666,3.98799991607666,3.99200010299683,3.99600005149841,3.99600005149841,3.99600005149841,3.99600005149841,3.99600005149841,3.99600005149841,3.99600005149841,4,4,4.00799989700317,4.01200008392334,4.01200008392334,4.01200008392334,4.00799989700317,4.00799989700317,4.01200008392334,4.01599979400635,4.01999998092651,4.01999998092651,4.01999998092651,4.01999998092651,4.01999998092651,4.00799989700317,inf,inf,inf,inf,inf,inf,inf,inf,inf,inf,inf,inf,inf,inf,inf,inf,inf,inf,inf,inf,inf,inf,inf,inf,inf,inf,inf,inf,inf,inf,inf,inf,inf,inf,inf,inf,inf,inf,inf,inf,inf,inf,inf,inf,inf,inf,inf,inf,inf,inf,inf,inf,inf,...,0,47,47,47,47,47,47,47,47,47,47,47,47,47,0,0,0,0,0,0,0,0,0,0,0,0,0,0,0,0,0,0,0,0,0,0,0,0,0,0,0,0,0,47,47,47,47,47,47,47,47,47,47,47,47,47,47,47,47,47,47,47,47,47,47,47,47,47,47,0,0,0,0,0,0,0,0,0,0,0,0,0,0,0,0,0,0,0,0,0,0,0,0,0,0,0,0,0,0,0,0,0,0,47,47,47,47,47,47,47,47,47,0,0,0,0,0,0,0,0,0,0,47,47,47,47,47,47,...
1730994359,822562608,laser,-3.12413907051086,3.14159274101257,0.00348289706744254,4.36775626440067E-05,0.0785759389400482,0.150000005960464,16,3.97199988365173,3.97199988365173,3.9760000705719,3.98000001907349,3.98000001907349,3.9760000705719,3.97199988365173,3.97199988365173,3.97199988365173,3.97199988365173,3.97199988365173,3.9760000705719,3.97199988365173,3.9760000705719,3.9760000705719,3.9760000705719,3.9760000705719,3.9760000705719,3.98000001907349,3.98000001907349,3.98000001907349,3.9760000705719,3.9760000705719,3.9760000705719,3.9760000705719,3.96799993515015,inf,inf,inf,inf,3.9760000705719,3.9760000705719,3.9760000705719,3.9760000705719,3.9760000705719,3.9760000705719,3.9760000705719,3.9760000705719,3.98000001907349,3.98000001907349,3.98000001907349,3.98000001907349,3.98399996757507,3.98399996757507,3.98799991607666,3.98799991607666,3.98799991607666,3.99200010299683,3.98799991607666,3.98799991607666,3.98799991607666,3.99200010299683,3.99600005149841,3.99600005149841,3.99600005149841,3.99600005149841,3.99600005149841,4,3.99600005149841,4,4,4.00799989700317,4.01200008392334,4.01200008392334,4.01200008392334,4.00799989700317,4.00799989700317,4.01200008392334,4.01599979400635,4.01999998092651,4.01999998092651,4.01999998092651,4.01999998092651,4.01999998092651,4.00799989700317,inf,inf,inf,inf,inf,inf,inf,inf,inf,inf,inf,inf,inf,inf,inf,inf,inf,inf,inf,inf,inf,inf,inf,inf,inf,inf,inf,inf,inf,inf,inf,inf,inf,inf,inf,inf,inf,inf,inf,inf,inf,inf,inf,inf,inf,inf,inf,inf,inf,inf,inf,inf,inf,...,47,47,47,47,47,47,47,47,47,47,47,47,47,0,0,0,0,0,0,0,0,0,0,0,0,0,0,0,0,0,0,0,0,0,0,0,0,0,0,0,0,0,0,0,0,0,0,47,47,47,47,47,47,47,47,47,47,47,47,47,47,47,47,47,47,47,47,47,0,0,0,0,0,0,0,0,0,0,0,0,0,0,0,0,0,0,0,0,0,0,0,0,0,0,0,0,0,0,0,0,0,0,0,0,0,0,47,47,47,47,47,0,0,0,0,0,0,0,0,0,0,0,47,47,47,47,47,47,...
1730994359,903146249,laser,-3.12413907051086,3.14159274101257,0.00348289706744254,4.32681954407599E-05,0.0778394863009453,0.150000005960464,16,3.97199988365173,3.97199988365173,3.9760000705719,3.98000001907349,3.98000001907349,3.9760000705719,3.9760000705719,3.9760000705719,3.97199988365173,3.9760000705719,3.9760000705719,3.9760000705719,3.97199988365173,3.97199988365173,3.9760000705719,3.9760000705719,3.9760000705719,3.9760000705719,3.98000001907349,3.98000001907349,3.98000001907349,3.9760000705719,3.9760000705719,3.9760000705719,3.9760000705719,10.1840000152588,10.1840000152588,10.1840000152588,10.1840000152588,10.1440000534058,3.9760000705719,3.9760000705719,3.9760000705719,3.9760000705719,3.9760000705719,3.9760000705719,3.9760000705719,3.9760000705719,3.98000001907349,3.98399996757507,3.98399996757507,3.98399996757507,3.98399996757507,3.98399996757507,3.98799991607666,3.98799991607666,3.98799991607666,3.98799991607666,3.98799991607666,3.98799991607666,3.98799991607666,3.99200010299683,3.99200010299683,3.99200010299683,3.99200010299683,3.99200010299683,3.99600005149841,4,3.99600005149841,3.99600005149841,4,4.00799989700317,4.00799989700317,4.01200008392334,4.01200008392334,4.01200008392334,4.01200008392334,4.01599979400635,4.01999998092651,4.01999998092651,4.01999998092651,4.01999998092651,4.01999998092651,4.01999998092651,inf,inf,inf,inf,inf,inf,inf,inf,inf,inf,inf,inf,inf,inf,inf,inf,inf,inf,inf,inf,inf,inf,inf,inf,inf,inf,inf,inf,inf,inf,inf,inf,inf,inf,inf,inf,inf,inf,inf,inf,inf,inf,inf,inf,inf,inf,inf,inf,inf,inf,inf,inf,inf,inf,...,0,47,47,47,47,47,47,47,47,47,47,47,0,0,0,0,0,0,0,0,0,0,0,0,0,0,0,0,0,0,0,0,0,0,0,0,0,0,0,0,0,0,0,0,0,47,47,47,47,47,47,47,47,47,47,47,47,47,47,47,47,47,47,47,47,47,0,0,0,0,0,0,0,0,0,0,0,0,0,0,0,0,0,0,0,0,0,0,0,0,0,0,0,0,0,0,0,0,0,0,0,0,47,47,47,47,47,47,47,0,0,0,0,0,0,0,0,0,0,0,0,0,0,47,47,47,47,47,...
1730994359,982777873,laser,-3.12413907051086,3.14159274101257,0.00348289706744254,4.6761691919528E-05,0.084124282002449,0.150000005960464,16,3.97199988365173,3.97199988365173,3.9760000705719,3.9760000705719,3.9760000705719,3.9760000705719,3.9760000705719,3.97199988365173,3.9760000705719,3.9760000705719,3.9760000705719,3.9760000705719,3.97199988365173,3.97199988365173,3.9760000705719,3.9760000705719,3.9760000705719,3.9760000705719,3.9760000705719,3.9760000705719,3.9760000705719,3.9760000705719,3.9760000705719,3.98000001907349,3.98000001907349,inf,inf,inf,inf,3.98399996757507,3.98399996757507,3.98399996757507,3.98399996757507,3.98399996757507,3.9760000705719,3.9760000705719,3.9760000705719,3.9760000705719,3.98000001907349,3.98000001907349,3.98399996757507,3.98399996757507,3.98399996757507,3.98399996757507,3.98799991607666,3.98799991607666,3.98799991607666,3.98799991607666,3.98799991607666,3.98799991607666,3.98799991607666,3.99600005149841,3.99600005149841,3.99200010299683,3.99200010299683,3.99200010299683,3.99600005149841,3.99600005149841,3.99600005149841,4,4.00400018692017,4.00799989700317,4.00799989700317,4.01200008392334,4.01200008392334,4.01200008392334,4.01200008392334,4.01599979400635,4.01599979400635,4.01999998092651,4.01599979400635,4.01599979400635,4.01999998092651,4.01599979400635,inf,inf,inf,inf,inf,inf,inf,inf,inf,inf,inf,inf,inf,inf,inf,inf,inf,inf,inf,inf,inf,inf,inf,inf,inf,inf,inf,inf,inf,inf,inf,inf,inf,inf,inf,inf,inf,inf,inf,inf,inf,inf,inf,inf,inf,inf,inf,inf,inf,inf,inf,inf,inf,inf,...,47,47,47,47,47,47,47,47,47,47,47,47,47,47,0,0,0,0,0,0,0,0,0,0,0,0,0,0,0,0,0,0,0,0,0,0,0,0,0,0,0,0,0,47,47,47,47,47,47,47,47,47,47,47,47,47,47,47,47,47,47,47,47,47,47,47,47,47,47,0,0,0,0,0,0,0,0,0,0,0,0,0,0,0,0,0,0,0,0,0,0,0,0,0,0,0,0,0,0,0,0,0,0,0,0,0,0,47,47,47,47,47,0,0,0,0,0,0,0,0,0,0,0,47,47,47,47,47,...
1730994360,68121841,laser,-3.12413907051086,3.14159274101257,0.00348289706744254,4.36900081695057E-05,0.0785983204841614,0.150000005960464,16,3.97199988365173,3.97199988365173,3.97199988365173,3.9760000705719,3.9760000705719,3.9760000705719,3.9760000705719,3.97199988365173,3.9760000705719,3.9760000705719,3.9760000705719,3.9760000705719,3.9760000705719,3.9760000705719,3.9760000705719,3.9760000705719,3.9760000705719,3.9760000705719,3.98000001907349,3.98000001907349,3.9760000705719,3.98000001907349,3.98000001907349,3.98000001907349,10.1359996795654,10.1359996795654,10.1359996795654,10.1359996795654,3.98399996757507,3.98399996757507,3.98399996757507,3.9760000705719,3.9760000705719,3.9760000705719,3.9760000705719,3.9760000705719,3.9760000705719,3.9760000705719,3.9760000705719,3.98000001907349,3.98399996757507,3.98399996757507,3.98399996757507,3.98399996757507,3.98799991607666,3.98799991607666,3.98799991607666,3.98799991607666,3.98799991607666,3.98799991607666,3.98799991607666,3.99200010299683,3.99200010299683,3.99200010299683,3.99200010299683,3.99200010299683,3.99600005149841,3.99600005149841,3.99600005149841,4,4.00400018692017,4.00400018692017,4.00799989700317,4.01200008392334,4.01200008392334,4.01200008392334,4.01200008392334,4.01599979400635,4.01599979400635,4.01999998092651,4.01599979400635,4.01599979400635,4.01999998092651,4.01999998092651,inf,inf,inf,inf,inf,inf,inf,inf,inf,inf,inf,inf,inf,inf,inf,inf,inf,inf,inf,inf,inf,inf,inf,inf,inf,inf,inf,inf,inf,inf,inf,inf,inf,inf,inf,inf,inf,inf,inf,inf,inf,inf,inf,inf,inf,inf,inf,inf,inf,inf,inf,inf,inf,inf,...,47,47,47,47,47,47,47,47,47,47,47,47,0,0,0,0,0,0,0,0,0,0,0,0,0,0,0,0,0,0,0,0,0,0,0,0,0,0,0,0,0,0,0,0,0,0,47,47,47,47,47,47,47,47,47,47,47,47,47,47,47,47,47,47,47,47,47,0,0,0,0,0,0,0,0,0,0,0,0,0,0,0,0,0,0,0,0,0,0,0,0,0,0,0,0,0,0,0,0,0,0,0,0,0,0,47,47,47,47,47,0,0,0,0,0,0,0,0,0,0,0,0,0,47,47,47,47,47,...
1730994360,148308085,laser,-3.12413907051086,3.14159274101257,0.00348289706744254,4.3483294575708E-05,0.0782264471054077,0.150000005960464,16,3.97199988365173,3.97199988365173,3.97199988365173,3.98000001907349,3.9760000705719,3.9760000705719,3.9760000705719,3.97199988365173,3.97199988365173,3.97199988365173,3.9760000705719,3.97199988365173,3.97199988365173,3.97199988365173,3.9760000705719,3.9760000705719,3.9760000705719,3.98000001907349,3.98000001907349,3.98000001907349,3.9760000705719,3.9760000705719,3.9760000705719,3.98000001907349,3.9760000705719,3.9760000705719,10.1359996795654,10.1359996795654,10.1359996795654,10.1359996795654,3.98399996757507,3.98399996757507,3.98399996757507,3.9760000705719,3.9760000705719,3.9760000705719,3.9760000705719,3.9760000705719,3.9760000705719,3.98000001907349,3.98000001907349,3.98000001907349,3.98000001907349,3.98399996757507,3.98799991607666,3.98799991607666,3.98799991607666,3.99200010299683,3.98799991607666,3.98799991607666,3.99200010299683,3.99600005149841,3.99600005149841,3.99200010299683,3.99200010299683,3.99200010299683,3.99600005149841,3.99600005149841,3.99600005149841,3.99600005149841,4,4.00799989700317,4.00799989700317,4.01200008392334,4.01200008392334,4.01200008392334,4.01200008392334,4.01599979400635,4.01999998092651,4.01999998092651,4.01599979400635,4.01999998092651,4.01999998092651,4.01999998092651,inf,inf,inf,inf,inf,inf,inf,inf,inf,inf,inf,inf,inf,inf,inf,inf,inf,inf,inf,inf,inf,inf,inf,inf,inf,inf,inf,inf,inf,inf,inf,inf,inf,inf,inf,inf,inf,inf,inf,inf,inf,inf,inf,inf,inf,inf,inf,inf,inf,inf,inf,inf,inf,inf,...,47,47,47,47,47,47,47,47,47,47,47,47,47,47,47,0,0,0,0,0,0,0,0,0,0,0,0,0,0,0,0,0,0,0,0,0,0,0,0,0,0,0,0,0,47,47,47,47,47,47,47,47,47,47,47,47,47,47,47,47,47,47,47,47,47,47,0,0,0,0,0,0,0,0,0,0,0,0,0,0,0,0,0,0,0,0,0,0,0,0,0,0,0,0,0,0,0,0,0,0,0,0,0,0,0,0,0,0,47,47,47,47,47,0,0,0,0,0,0,0,0,0,0,47,47,47,47,47,...
1730994360,227826413,laser,-3.12413907051086,3.14159274101257,0.00348289706744254,4.36884292867035E-05,0.0785954892635345,0.150000005960464,16,3.97199988365173,3.97199988365173,3.9760000705719,3.9760000705719,3.9760000705719,3.9760000705719,3.9760000705719,3.97199988365173,3.97199988365173,3.97199988365173,3.97199988365173,3.97199988365173,3.97199988365173,3.97199988365173,3.97199988365173,3.9760000705719,3.9760000705719,3.9760000705719,3.9760000705719,3.9760000705719,3.9760000705719,3.9760000705719,3.9760000705719,3.9760000705719,3.9760000705719,10.1520004272461,10.1520004272461,10.1520004272461,10.1520004272461,10.1359996795654,10.1359996795654,3.9760000705719,3.9760000705719,3.97199988365173,3.97199988365173,3.97199988365173,3.97199988365173,3.9760000705719,3.98000001907349,3.98000001907349,3.98000001907349,3.98000001907349,3.98399996757507,3.98799991607666,3.98799991607666,3.98799991607666,3.99200010299683,3.99200010299683,3.99200010299683,3.99200010299683,3.99600005149841,3.99600005149841,3.99600005149841,3.99600005149841,3.99600005149841,3.99600005149841,3.99600005149841,3.99600005149841,3.99600005149841,4,4.00799989700317,4.00799989700317,4.01200008392334,4.00799989700317,4.00799989700317,4.00799989700317,4.01200008392334,4.01200008392334,4.01599979400635,4.01599979400635,4.01599979400635,4.01999998092651,4.01999998092651,4.00799989700317,4.00799989700317,inf,inf,inf,inf,inf,inf,inf,inf,inf,inf,inf,inf,inf,inf,inf,inf,inf,inf,inf,inf,inf,inf,inf,inf,inf,inf,inf,inf,inf,inf,inf,inf,inf,inf,inf,inf,inf,inf,inf,inf,inf,inf,inf,inf,inf,inf,inf,inf,inf,inf,inf,inf,inf,...,47,47,47,47,47,47,47,47,47,47,47,0,0,0,0,0,0,0,0,0,0,0,0,0,0,0,0,0,0,0,0,0,0,0,0,0,0,0,0,0,0,0,0,0,0,47,47,47,47,47,47,47,47,47,47,47,47,47,47,47,47,47,47,47,47,47,0,0,0,0,0,0,0,0,0,0,0,0,0,0,0,0,0,0,0,0,0,0,0,0,0,0,0,0,0,0,0,0,0,0,0,0,47,47,47,47,47,47,47,0,0,0,0,0,0,0,0,0,0,0,0,0,0,47,47,47,47,47,...
1730994360,308254661,laser,-3.12413907051086,3.14159274101257,0.00348289706744254,4.33412096754182E-05,0.0779708325862885,0.150000005960464,16,3.97199988365173,3.97199988365173,3.9760000705719,3.98000001907349,3.98000001907349,3.9760000705719,3.97199988365173,3.97199988365173,3.97199988365173,3.97199988365173,3.97199988365173,3.97199988365173,3.97199988365173,3.9760000705719,3.9760000705719,3.9760000705719,3.9760000705719,3.98000001907349,3.98000001907349,3.98000001907349,3.9760000705719,3.9760000705719,3.98000001907349,3.9760000705719,3.9760000705719,10.1440000534058,10.1440000534058,10.1440000534058,10.1440000534058,3.98000001907349,3.98000001907349,3.98000001907349,3.9760000705719,3.9760000705719,3.9760000705719,3.9760000705719,3.9760000705719,3.9760000705719,3.98000001907349,3.98399996757507,3.98399996757507,3.98399996757507,3.98399996757507,3.98399996757507,3.98799991607666,3.98799991607666,3.99200010299683,3.99200010299683,3.99200010299683,3.99200010299683,3.99200010299683,3.99600005149841,3.99600005149841,3.99600005149841,3.99200010299683,3.99200010299683,3.99600005149841,3.99600005149841,3.99600005149841,3.99600005149841,4,4.00799989700317,4.00799989700317,4.01200008392334,4.01200008392334,4.01200008392334,4.01200008392334,4.01599979400635,4.01599979400635,4.01999998092651,4.01999998092651,4.01999998092651,4.01999998092651,4.01999998092651,inf,inf,inf,inf,inf,inf,inf,inf,inf,inf,inf,inf,inf,inf,inf,inf,inf,inf,inf,inf,inf,inf,inf,inf,inf,inf,inf,inf,inf,inf,inf,inf,inf,inf,inf,inf,inf,inf,inf,inf,inf,inf,inf,inf,inf,inf,inf,inf,inf,inf,inf,inf,inf,inf,...,47,47,47,47,47,47,47,47,47,47,47,47,0,0,0,0,0,0,0,0,0,0,0,0,0,0,0,0,0,0,0,0,0,0,0,0,0,0,0,0,0,0,0,0,0,0,0,0,0,0,47,47,47,47,47,47,47,47,47,0,0,0,47,47,47,47,47,0,0,0,0,0,0,0,0,0,0,0,0,0,0,0,0,0,0,0,0,0,0,0,0,0,0,0,0,0,0,0,0,0,0,0,0,0,0,47,47,47,47,47,0,0,0,0,0,0,0,0,0,0,0,0,0,0,0,0,0,47,...
,,,,,,,,,,,,,,,,,,,,,,,,,,,,,,,,,,,,,,,,,,,,,,,,,,,,,,,,,,,,,,,,,,,,,,,,,,,,,,,,,,,,,,,,,,,,,,,,,,,,,,,,,,,,,,,,,,,,,,,,,,,,,,,,,,,,,,,,,,,,,,,,,,,,,,,,,,,,,,,,,,,,,,,,,,,,,,,,,,,,,,,,,,,,,,,,,,,,,,,,,,,,,,,,,,,,,,,,,,,,,,,,,,,,,,,,,,,,,,,,,,,,,,,,,,,,,,,,,,,,,,,,,,,
,,,,,,,,,,,,,,,,,,,,,,,,,,,,,,,,,,,,,,,,,,,,,,,,,,,,,,,,,,,,,,,,,,,,,,,,,,,,,,,,,,,,,,,,,,,,,,,,,,,,,,,,,,,,,,,,,,,,,,,,,,,,,,,,,,,,,,,,,,,,,,,,,,,,,,,,,,,,,,,,,,,,,,,,,,,,,,,,,,,,,,,,,,,,,,,,,,,,,,,,,,,,,,,,,,,,,,,,,,,,,,,,,,,,,,,,,,,,,,,,,,,,,,,,,,,,,,,,,,,,,,,,,,,
,,,,,,,,,,,,,,,,,,,,,,,,,,,,,,,,,,,,,,,,,,,,,,,,,,,,,,,,,,,,,,,,,,,,,,,,,,,,,,,,,,,,,,,,,,,,,,,,,,,,,,,,,,,,,,,,,,,,,,,,,,,,,,,,,,,,,,,,,,,,,,,,,,,,,,,,,,,,,,,,,,,,,,,,,,,,,,,,,,,,,,,,,,,,,,,,,,,,,,,,,,,,,,,,,,,,,,,,,,,,,,,,,,,,,,,,,,,,,,,,,,,,,,,,,,,,,,,,,,,,,,,,,,,
,,,,,,,,,,,,,,,,,,,,,,,,,,,,,,,,,,,,,9cm,,,,,,,,,,,,,,,,,,,,,,,,,,,,,,,,,,,,,,,,,,,,,,,,,,,,,,,,,,,,,,,,,,,,,,,,,,,,,,,,,,,,,,,,,,,,,,,,,,,,,,,,,,,,,,,,,,,,,,,,,,,,,,,,,,,,,,,,,,,,,,,,,,,,,,,,,,,,,,,,,,,,,,,,,,,,,,,,,,,,,,,,,,,,,,,,,,,,,,,,,,,,,,,,,,,,,,,,,,,,,,,,,,,,,,
